DateTime,Sensor1,Sensor2,Sensor3,Sensor4,Sensor5,Sensor6,Sensor7,Sensor8
20210710 11:26:08,644,510,493,500,502,502,506,506
20210710 11:26:09,644,510,497,500,502,502,503,506
20210710 11:26:10,644,510,493,500,502,502,506,506
20210710 11:26:11,644,510,493,500,502,502,506,506
20210710 11:26:12,644,514,496,500,502,502,506,506
20210710 11:26:13,645,510,493,500,502,502,506,506
20210710 11:26:14,644,510,493,500,502,502,506,506
20210710 11:26:15,644,510,493,500,502,502,506,506
20210710 11:26:16,645,514,493,500,502,502,506,506
20210710 11:26:17,644,510,493,500,502,502,506,506
20210710 11:26:18,649,514,493,500,502,502,506,506
20210710 11:26:19,649,514,493,500,502,502,506,506
20210710 11:26:20,649,514,493,500,502,502,506,506
20210710 11:26:21,649,514,493,500,502,502,506,506
20210710 11:26:22,649,514,493,500,502,502,506,506
20210710 11:26:23,649,514,493,500,502,502,506,506
20210710 11:26:24,649,514,493,500,502,502,506,506
20210710 11:26:25,649,514,493,500,502,502,506,506
20210710 11:26:26,649,514,493,500,502,502,506,506
20210710 11:26:27,649,514,493,500,502,502,506,506
20210710 11:26:28,649,514,493,500,502,502,506,506
20210710 11:26:29,661,518,493,500,502,502,506,506
20210710 11:26:30,665,518,497,500,502,502,506,506
20210710 11:26:31,665,518,493,500,502,502,506,502
20210710 11:26:32,665,518,493,500,502,502,506,506
20210710 11:26:33,665,518,493,500,502,502,506,506
20210710 11:26:34,665,518,497,500,502,502,506,506
20210710 11:26:35,665,518,493,500,502,502,506,506
20210710 11:26:36,665,518,493,500,502,502,506,506
20210710 11:26:37,665,518,493,500,502,502,506,506
20210710 11:26:38,665,518,493,500,502,502,506,506
20210710 11:26:39,665,518,493,500,502,502,506,506
20210710 11:26:40,685,522,493,500,502,502,502,506
20210710 11:26:41,685,526,493,500,502,502,506,506
20210710 11:26:42,685,526,497,500,502,502,506,506
20210710 11:26:43,685,526,497,500,502,502,506,506
20210710 11:26:44,685,522,495,500,502,502,506,506
20210710 11:26:45,685,526,497,500,502,502,506,506
20210710 11:26:46,685,526,493,500,502,502,506,506
20210710 11:26:47,685,526,497,500,502,502,506,506
20210710 11:26:48,685,522,497,500,502,502,506,506
20210710 11:26:49,685,526,497,500,502,502,506,506
20210710 11:26:50,685,522,497,500,502,502,506,506
20210710 11:26:51,705,534,497,500,502,502,506,506
20210710 11:26:52,705,534,497,500,502,502,506,506
20210710 11:26:53,705,534,497,500,502,502,506,506
20210710 11:26:54,705,534,497,500,502,502,506,506
20210710 11:26:55,705,534,497,500,502,502,506,506
20210710 11:26:56,705,534,497,500,502,502,506,502
20210710 11:26:57,705,534,497,500,502,502,506,506
20210710 11:26:58,705,534,497,500,502,502,506,506
20210710 11:26:59,705,534,497,500,502,502,506,502
20210710 11:27:00,705,534,497,500,502,502,502,502
20210710 11:27:01,705,534,497,500,502,502,502,506
20210710 11:27:02,721,546,497,500,502,502,506,506
20210710 11:27:03,721,546,497,500,498,502,506,506
20210710 11:27:04,721,546,497,500,502,502,502,506
20210710 11:27:05,721,546,497,500,502,502,502,502
20210710 11:27:06,721,546,497,500,502,502,506,506
20210710 11:27:07,721,546,497,500,502,502,506,506
20210710 11:27:08,721,546,497,500,502,502,506,506
20210710 11:27:09,721,546,497,500,498,502,506,506
20210710 11:27:10,721,546,497,500,502,502,506,506
20210710 11:27:11,725,546,497,500,502,502,506,506
20210710 11:27:12,721,546,497,500,502,502,502,506
20210710 11:27:13,725,550,497,500,502,502,506,506
20210710 11:27:14,733,558,497,500,498,502,506,506
20210710 11:27:15,733,558,497,500,502,502,506,506
20210710 11:27:16,733,558,497,500,498,502,506,506
20210710 11:27:17,733,558,497,500,502,502,506,506
20210710 11:27:18,733,558,497,500,502,502,506,506
20210710 11:27:19,733,558,497,500,498,502,502,506
20210710 11:27:20,733,558,497,500,502,502,502,506
20210710 11:27:21,733,558,497,500,502,502,506,506
20210710 11:27:22,733,558,497,500,498,502,506,502
20210710 11:27:23,733,558,497,500,498,502,502,506
20210710 11:27:24,733,558,497,500,498,502,506,506
20210710 11:27:25,737,578,497,500,498,502,506,506
20210710 11:27:26,737,578,497,500,498,502,506,506
20210710 11:27:27,737,578,497,500,498,502,502,502
20210710 11:27:28,737,578,497,500,498,502,502,502
20210710 11:27:29,737,578,497,500,498,502,504,506
20210710 11:27:30,737,578,497,500,498,502,506,506
20210710 11:27:31,737,578,497,500,498,502,506,506
20210710 11:27:32,737,578,497,497,498,502,502,506
20210710 11:27:33,737,578,497,500,498,502,506,506
20210710 11:27:34,737,578,497,500,498,502,506,506
20210710 11:27:35,737,578,497,500,502,502,506,506
20210710 11:27:36,737,602,501,496,498,502,502,506
20210710 11:27:37,737,602,501,500,498,502,506,502
20210710 11:27:38,737,602,501,500,498,502,506,502
20210710 11:27:39,737,602,501,496,498,502,502,506
20210710 11:27:40,737,602,501,496,498,502,506,506
20210710 11:27:41,737,602,501,496,498,502,506,502
20210710 11:27:42,733,602,501,500,498,502,502,502
20210710 11:27:43,737,602,501,500,498,502,506,506
20210710 11:27:44,733,602,501,500,498,502,502,506
20210710 11:27:45,737,602,501,500,498,502,506,506
20210710 11:27:46,737,602,501,500,498,502,506,506
20210710 11:27:47,721,626,505,496,498,502,502,503
20210710 11:27:48,721,626,505,496,498,502,502,502
20210710 11:27:49,721,626,505,496,498,502,502,502
20210710 11:27:50,721,626,505,496,498,502,506,502
20210710 11:27:51,721,626,505,496,498,502,506,502
20210710 11:27:52,721,626,505,496,498,502,506,506
20210710 11:27:53,721,626,505,496,498,502,502,506
20210710 11:27:54,721,626,505,500,498,502,502,506
20210710 11:27:55,721,626,505,496,498,502,503,506
20210710 11:27:56,721,626,505,496,498,502,502,502
20210710 11:27:57,721,626,505,496,498,502,506,506
20210710 11:27:58,705,655,509,496,498,502,502,502
20210710 11:27:59,705,654,509,496,498,502,502,506
20210710 11:28:00,705,655,509,496,498,502,502,504
20210710 11:28:01,705,655,509,496,498,502,506,506
20210710 11:28:02,705,655,509,496,498,502,502,506
20210710 11:28:03,705,654,509,496,498,502,506,506
20210710 11:28:04,705,658,509,496,498,502,506,502
20210710 11:28:05,705,658,509,496,498,502,502,506
20210710 11:28:06,705,655,509,496,498,502,502,502
20210710 11:28:07,705,655,509,496,498,502,506,506
20210710 11:28:08,705,658,509,496,498,502,502,502
20210710 11:28:09,681,686,517,496,498,502,502,502
20210710 11:28:10,681,687,517,496,498,502,502,502
20210710 11:28:11,681,687,517,496,498,502,502,502
20210710 11:28:12,681,686,517,496,498,502,502,502
20210710 11:28:13,681,687,517,496,498,502,502,506
20210710 11:28:14,681,687,517,496,498,502,502,502
20210710 11:28:15,681,687,517,496,498,502,502,506
20210710 11:28:16,681,687,517,496,498,502,502,502
20210710 11:28:17,681,686,517,496,498,502,506,502
20210710 11:28:18,681,687,517,496,498,502,502,506
20210710 11:28:19,681,687,517,496,498,502,502,502
20210710 11:28:20,657,719,526,496,498,502,502,502
20210710 11:28:21,657,719,525,496,498,502,502,506
20210710 11:28:22,657,719,526,496,498,502,502,502
20210710 11:28:23,657,719,526,496,498,502,502,502
20210710 11:28:24,657,719,526,496,498,502,502,502
20210710 11:28:25,657,719,526,496,498,502,502,506
20210710 11:28:26,657,719,526,496,498,502,502,502
20210710 11:28:27,657,719,526,496,498,502,502,502
20210710 11:28:28,657,719,526,496,498,502,502,506
20210710 11:28:29,657,719,526,496,498,502,502,502
20210710 11:28:30,657,719,526,496,498,502,502,502
20210710 11:28:31,633,743,538,500,498,502,502,502
20210710 11:28:32,633,747,542,500,498,502,502,506
20210710 11:28:33,633,747,542,496,498,502,502,502
20210710 11:28:34,633,747,542,498,498,502,502,502
20210710 11:28:35,633,747,542,496,498,502,502,502
20210710 11:28:36,633,747,542,500,498,502,502,502
20210710 11:28:37,633,747,542,496,498,502,502,502
20210710 11:28:38,633,747,542,499,498,502,502,502
20210710 11:28:39,633,747,542,496,498,498,502,502
20210710 11:28:40,633,747,542,496,498,502,502,502
20210710 11:28:41,633,747,542,500,498,502,502,502
20210710 11:28:42,622,755,547,500,498,502,502,502
20210710 11:28:43,612,763,558,500,498,498,502,502
20210710 11:28:44,612,763,558,500,498,502,502,502
20210710 11:28:45,612,763,558,500,498,498,502,502
20210710 11:28:46,612,763,558,500,498,498,502,502
20210710 11:28:47,612,763,558,500,498,499,502,502
20210710 11:28:48,612,763,558,500,498,498,502,502
20210710 11:28:49,612,763,558,500,498,498,502,502
20210710 11:28:50,612,763,558,500,498,498,502,502
20210710 11:28:51,612,763,558,500,498,499,502,502
20210710 11:28:52,612,763,558,500,498,498,502,502
20210710 11:28:53,612,763,558,500,498,498,502,502
20210710 11:28:54,592,771,578,500,498,498,502,502
20210710 11:28:55,592,771,578,500,498,498,502,502
20210710 11:28:56,592,771,578,500,498,498,502,502
20210710 11:28:57,592,771,578,500,498,498,502,502
20210710 11:28:58,592,771,578,500,498,498,502,502
20210710 11:28:59,592,771,578,500,498,498,502,502
20210710 11:29:00,592,771,578,500,498,498,502,502
20210710 11:29:01,592,771,578,500,498,502,502,502
20210710 11:29:02,592,771,578,500,498,498,502,502
20210710 11:29:03,592,771,578,500,498,498,502,502
20210710 11:29:04,592,771,578,500,498,498,502,502
20210710 11:29:05,572,767,606,504,498,498,502,502
20210710 11:29:06,572,767,606,500,498,498,502,502
20210710 11:29:07,572,767,606,502,498,498,502,502
20210710 11:29:08,572,767,606,504,498,498,502,502
20210710 11:29:09,572,766,606,504,498,498,502,502
20210710 11:29:10,572,767,606,504,498,498,502,502
20210710 11:29:11,572,767,606,504,498,498,502,502
20210710 11:29:12,572,767,606,504,498,498,502,502
20210710 11:29:13,572,767,606,504,494,498,502,502
20210710 11:29:14,572,767,606,504,498,498,502,502
20210710 11:29:15,572,767,606,504,498,498,502,502
20210710 11:29:16,556,751,642,504,498,498,502,502
20210710 11:29:17,556,751,642,508,494,498,502,502
20210710 11:29:18,556,751,642,504,498,498,502,502
20210710 11:29:19,556,747,642,504,498,498,502,502
20210710 11:29:20,556,751,642,504,498,498,502,502
20210710 11:29:21,556,751,642,504,494,498,502,502
20210710 11:29:22,556,751,642,504,494,498,502,502
20210710 11:29:23,556,747,642,504,494,498,502,502
20210710 11:29:24,556,751,642,504,498,498,502,502
20210710 11:29:25,556,751,642,504,494,498,502,502
20210710 11:29:26,556,751,642,504,494,498,502,502
20210710 11:29:27,544,727,678,512,494,498,502,502
20210710 11:29:28,544,727,678,512,494,498,502,502
20210710 11:29:29,544,727,678,512,498,498,502,502
20210710 11:29:30,544,727,678,512,494,498,502,502
20210710 11:29:31,544,727,678,508,498,498,502,502
20210710 11:29:32,544,727,678,512,494,498,502,502
20210710 11:29:33,544,727,678,512,494,498,502,502
20210710 11:29:34,544,727,678,512,494,498,502,502
20210710 11:29:35,544,727,678,512,494,498,502,502
20210710 11:29:36,544,727,678,508,494,498,502,502
20210710 11:29:37,544,727,678,512,494,498,502,502
20210710 11:29:38,536,703,718,516,494,498,502,502
20210710 11:29:39,536,699,718,516,494,498,502,502
20210710 11:29:40,536,699,718,516,494,498,502,502
20210710 11:29:41,536,699,718,516,494,498,502,502
20210710 11:29:42,536,699,718,516,494,498,502,502
20210710 11:29:43,536,699,718,516,494,498,502,502
20210710 11:29:44,536,699,718,516,494,498,502,502
20210710 11:29:45,536,698,718,516,494,498,502,502
20210710 11:29:46,536,699,718,516,494,498,502,502
20210710 11:29:47,536,699,718,516,494,498,502,502
20210710 11:29:48,536,699,718,516,494,498,502,502
20210710 11:29:49,528,671,758,528,494,498,502,502
20210710 11:29:50,528,671,758,528,494,498,502,502
20210710 11:29:51,528,671,758,528,494,498,502,502
20210710 11:29:52,528,671,758,528,494,498,502,502
20210710 11:29:53,528,671,758,528,494,498,502,502
20210710 11:29:54,528,671,758,528,494,498,502,502
20210710 11:29:55,528,671,758,528,494,498,502,502
20210710 11:29:56,528,671,758,528,494,498,502,502
20210710 11:29:57,528,671,758,528,494,498,502,502
20210710 11:29:58,528,671,758,528,494,498,502,502
20210710 11:29:59,528,671,758,528,494,498,502,502
20210710 11:30:00,520,642,790,540,494,498,502,502
20210710 11:30:01,520,638,794,540,494,498,502,502
20210710 11:30:02,520,638,794,540,494,498,502,502
20210710 11:30:03,520,638,794,540,494,498,502,502
20210710 11:30:04,520,638,794,540,494,498,502,502
20210710 11:30:05,520,638,794,540,494,498,502,502
20210710 11:30:06,520,638,795,540,494,498,502,502
20210710 11:30:07,520,638,794,540,494,498,502,502
20210710 11:30:08,520,638,794,540,494,498,502,502
20210710 11:30:09,520,638,794,540,494,498,502,502
20210710 11:30:10,520,638,795,540,494,498,502,502
20210710 11:30:11,520,630,806,548,498,498,502,502
20210710 11:30:12,516,610,811,560,498,498,502,502
20210710 11:30:13,516,610,810,560,498,498,502,502
20210710 11:30:14,516,610,811,560,498,498,502,502
20210710 11:30:15,516,610,811,560,494,498,502,502
20210710 11:30:16,516,610,810,560,498,498,502,502
20210710 11:30:17,516,610,811,560,498,498,502,502
20210710 11:30:18,516,610,811,560,498,498,502,502
20210710 11:30:19,516,610,810,560,498,498,502,502
20210710 11:30:20,516,610,810,560,498,498,502,502
20210710 11:30:21,516,610,811,560,498,498,502,502
20210710 11:30:22,516,610,811,560,498,498,502,502
20210710 11:30:23,512,586,818,584,498,498,502,502
20210710 11:30:24,512,586,815,580,498,498,502,502
20210710 11:30:25,516,586,818,580,498,494,502,502
20210710 11:30:26,516,586,818,580,498,498,502,502
20210710 11:30:27,516,586,818,584,498,498,502,502
20210710 11:30:28,516,586,818,580,498,498,502,502
20210710 11:30:29,512,586,818,580,498,498,502,502
20210710 11:30:30,516,586,818,580,498,498,502,502
20210710 11:30:31,512,586,819,580,498,498,502,502
20210710 11:30:32,512,586,818,580,498,498,502,502
20210710 11:30:33,512,586,818,580,498,498,502,502
20210710 11:30:34,512,566,810,612,498,498,502,502
20210710 11:30:35,512,566,810,612,498,494,502,502
20210710 11:30:36,512,566,806,612,498,498,502,502
20210710 11:30:37,512,566,806,612,498,498,502,502
20210710 11:30:38,512,566,806,612,498,498,502,502
20210710 11:30:39,512,566,806,612,498,498,502,502
20210710 11:30:40,512,566,811,612,498,498,502,502
20210710 11:30:41,512,566,810,612,498,494,502,502
20210710 11:30:42,512,566,807,612,498,498,502,502
20210710 11:30:43,512,566,810,612,498,498,502,502
20210710 11:30:44,512,566,810,612,498,498,502,502
20210710 11:30:45,508,550,790,648,502,494,502,502
20210710 11:30:46,508,550,790,648,502,494,502,502
20210710 11:30:47,508,550,790,648,502,494,502,502
20210710 11:30:48,508,550,790,648,502,494,502,502
20210710 11:30:49,508,550,790,648,502,494,502,502
20210710 11:30:50,508,550,790,648,502,498,502,502
20210710 11:30:51,508,550,790,648,502,494,502,502
20210710 11:30:52,508,550,790,648,502,494,502,502
20210710 11:30:53,508,550,790,648,502,494,502,502
20210710 11:30:54,508,550,790,648,502,494,502,502
20210710 11:30:55,508,550,790,648,502,494,502,502
20210710 11:30:56,508,538,762,692,506,494,502,502
20210710 11:30:57,508,538,762,692,506,494,502,502
20210710 11:30:58,508,538,762,692,506,494,498,502
20210710 11:30:59,508,538,762,692,506,494,498,502
20210710 11:31:00,508,538,762,692,506,494,502,502
20210710 11:31:01,508,538,762,692,506,494,498,502
20210710 11:31:02,508,538,762,692,506,494,502,502
20210710 11:31:03,508,538,762,692,506,494,502,502
20210710 11:31:04,508,538,762,692,506,494,502,502
20210710 11:31:05,508,538,762,692,506,494,502,502
20210710 11:31:06,508,538,762,692,506,494,498,502
20210710 11:31:07,508,526,730,733,514,494,498,502
20210710 11:31:08,508,526,730,737,514,494,498,502
20210710 11:31:09,508,530,730,737,514,494,498,502
20210710 11:31:10,508,526,730,737,514,494,498,502
20210710 11:31:11,508,530,730,737,514,494,498,502
20210710 11:31:12,508,530,730,737,514,494,498,502
20210710 11:31:13,508,530,730,737,514,494,498,502
20210710 11:31:14,508,530,730,737,514,494,498,502
20210710 11:31:15,508,526,730,736,514,494,498,502
20210710 11:31:16,508,526,730,737,514,494,498,502
20210710 11:31:17,508,530,730,737,514,494,498,502
20210710 11:31:18,508,522,690,777,522,494,498,502
20210710 11:31:19,508,522,690,777,522,494,498,502
20210710 11:31:20,508,518,690,777,522,494,498,502
20210710 11:31:21,508,522,690,777,522,494,498,502
20210710 11:31:22,508,522,690,777,522,494,498,502
20210710 11:31:23,508,522,690,777,522,494,498,502
20210710 11:31:24,508,522,690,777,522,494,498,502
20210710 11:31:25,504,522,690,777,522,494,498,502
20210710 11:31:26,508,518,690,777,522,494,498,502
20210710 11:31:27,504,522,690,777,522,494,498,502
20210710 11:31:28,508,522,690,777,522,494,498,502
20210710 11:31:29,504,514,654,817,538,494,498,502
20210710 11:31:30,504,514,654,817,538,494,498,502
20210710 11:31:31,504,514,654,817,538,494,498,502
20210710 11:31:32,504,514,654,817,538,494,498,502
20210710 11:31:33,504,514,654,817,538,494,498,502
20210710 11:31:34,504,514,654,817,538,494,498,502
20210710 11:31:35,504,514,654,817,538,494,498,502
20210710 11:31:36,504,514,654,817,538,494,498,502
20210710 11:31:37,504,514,654,817,538,494,498,502
20210710 11:31:38,504,514,654,817,538,494,498,502
20210710 11:31:39,504,514,654,817,538,494,498,502
20210710 11:31:40,504,514,634,833,546,494,498,502
20210710 11:31:41,504,510,622,841,554,494,498,502
20210710 11:31:42,504,510,622,841,554,494,498,502
20210710 11:31:43,504,510,622,841,554,494,498,502
20210710 11:31:44,504,510,622,841,554,494,498,502
20210710 11:31:45,504,510,622,841,554,494,498,502
20210710 11:31:46,504,510,622,841,554,494,498,502
20210710 11:31:47,504,510,622,841,554,494,498,502
20210710 11:31:48,504,510,622,841,554,494,498,502
20210710 11:31:49,504,510,622,841,554,494,498,502
20210710 11:31:50,504,510,622,841,554,494,498,502
20210710 11:31:51,504,510,618,841,558,494,498,502
20210710 11:31:52,504,506,594,853,578,498,498,502
20210710 11:31:53,504,506,594,853,578,498,498,502
20210710 11:31:54,504,506,594,853,578,498,498,502
20210710 11:31:55,504,506,594,853,578,498,498,502
20210710 11:31:56,504,506,594,853,578,498,498,502
20210710 11:31:57,504,506,594,853,578,498,498,502
20210710 11:31:58,504,506,594,853,578,498,498,502
20210710 11:31:59,504,506,594,853,578,498,498,502
20210710 11:32:00,504,506,594,853,578,498,498,502
20210710 11:32:01,504,506,594,853,578,498,498,502
20210710 11:32:02,504,506,594,853,578,498,498,502
20210710 11:32:03,504,503,574,845,610,498,498,502
20210710 11:32:04,504,502,570,845,610,498,498,502
20210710 11:32:05,504,502,570,845,610,498,498,502
20210710 11:32:06,504,502,570,845,610,498,498,502
20210710 11:32:07,504,502,570,845,610,498,498,502
20210710 11:32:08,504,502,570,845,610,498,498,502
20210710 11:32:09,504,502,570,845,610,498,498,502
20210710 11:32:10,504,506,570,845,610,498,498,502
20210710 11:32:11,504,502,570,845,610,498,498,502
20210710 11:32:12,504,502,570,845,610,498,498,502
20210710 11:32:13,504,502,570,845,610,498,498,502
20210710 11:32:14,504,502,550,821,650,502,498,502
20210710 11:32:15,504,502,550,821,654,502,498,502
20210710 11:32:16,504,502,550,821,650,502,498,502
20210710 11:32:17,504,502,550,821,654,502,498,498
20210710 11:32:18,504,502,550,821,654,502,498,502
20210710 11:32:19,504,502,550,821,654,502,498,502
20210710 11:32:20,504,502,550,821,654,502,498,502
20210710 11:32:21,504,502,550,821,654,502,498,502
20210710 11:32:22,504,502,550,821,654,502,498,502
20210710 11:32:23,504,502,550,821,654,502,498,498
20210710 11:32:24,504,502,550,821,654,502,498,502
20210710 11:32:25,504,502,538,789,703,506,498,498
20210710 11:32:26,504,498,538,789,703,506,498,498
20210710 11:32:27,504,502,534,789,703,506,498,498
20210710 11:32:28,504,502,538,789,703,506,498,498
20210710 11:32:29,504,498,534,789,703,506,498,498
20210710 11:32:30,504,502,538,789,703,506,498,498
20210710 11:32:31,504,498,538,789,703,506,498,502
20210710 11:32:32,504,498,534,789,703,506,498,500
20210710 11:32:33,504,498,534,789,703,506,498,502
20210710 11:32:34,504,502,538,789,703,506,498,502
20210710 11:32:35,504,502,534,789,703,506,498,498
20210710 11:32:36,504,498,526,749,750,514,498,498
20210710 11:32:37,504,498,526,745,750,514,498,498
20210710 11:32:38,504,498,526,745,750,514,498,498
20210710 11:32:39,504,498,526,745,750,514,498,498
20210710 11:32:40,504,498,525,745,750,514,498,498
20210710 11:32:41,504,498,526,745,750,514,498,498
20210710 11:32:42,504,498,526,745,750,514,498,498
20210710 11:32:43,504,498,526,745,750,514,498,498
20210710 11:32:44,504,498,526,745,750,514,498,498
20210710 11:32:45,504,498,526,745,750,514,498,498
20210710 11:32:46,504,498,526,745,750,514,498,498
20210710 11:32:47,504,498,517,705,795,526,498,498
20210710 11:32:48,504,498,517,701,799,526,498,498
20210710 11:32:49,504,498,517,700,799,526,498,498
20210710 11:32:50,504,498,517,700,799,526,498,498
20210710 11:32:51,504,498,517,701,799,526,498,498
20210710 11:32:52,504,498,517,700,799,526,498,498
20210710 11:32:53,504,498,517,700,799,526,498,498
20210710 11:32:54,504,498,517,701,799,526,498,498
20210710 11:32:55,504,498,517,701,799,526,498,498
20210710 11:32:56,504,498,517,701,799,526,498,498
20210710 11:32:57,504,498,517,701,799,526,498,498
20210710 11:32:58,504,498,513,664,835,538,498,498
20210710 11:32:59,504,498,509,664,835,538,498,498
20210710 11:33:00,504,498,513,660,835,538,498,498
20210710 11:33:01,504,498,509,660,835,538,498,498
20210710 11:33:02,504,498,509,660,835,538,498,498
20210710 11:33:03,504,498,509,660,835,538,498,498
20210710 11:33:04,504,498,509,660,835,538,498,498
20210710 11:33:05,504,498,511,660,835,538,498,498
20210710 11:33:06,504,498,513,660,835,538,498,498
20210710 11:33:07,504,498,509,660,835,538,498,498
20210710 11:33:08,504,498,513,660,835,538,498,498
20210710 11:33:09,504,498,505,632,859,554,498,498
20210710 11:33:10,504,498,505,624,863,558,498,498
20210710 11:33:11,504,498,505,624,863,558,498,498
20210710 11:33:12,504,498,505,624,863,558,498,498
20210710 11:33:13,504,498,505,624,863,558,498,498
20210710 11:33:14,504,498,505,624,863,558,498,498
20210710 11:33:15,504,498,505,624,863,558,498,498
20210710 11:33:16,504,498,505,624,863,558,498,498
20210710 11:33:17,504,498,505,624,863,558,498,498
20210710 11:33:18,504,498,505,624,863,558,498,498
20210710 11:33:19,504,498,505,624,863,558,498,498
20210710 11:33:20,504,498,505,612,867,562,498,498
20210710 11:33:21,504,498,505,596,867,582,498,498
20210710 11:33:22,504,498,505,596,867,582,498,498
20210710 11:33:23,504,498,505,596,867,582,498,498
20210710 11:33:24,504,498,505,596,867,582,498,498
20210710 11:33:25,504,498,505,596,867,582,498,498
20210710 11:33:26,504,498,505,596,867,582,498,498
20210710 11:33:27,504,498,505,596,867,582,498,498
20210710 11:33:28,504,498,505,596,867,582,502,498
20210710 11:33:29,504,498,505,596,867,582,502,498
20210710 11:33:30,504,498,505,596,867,582,498,498
20210710 11:33:31,504,498,505,596,867,582,502,498
20210710 11:33:32,504,498,501,572,855,614,502,498
20210710 11:33:33,504,498,501,572,855,614,502,498
20210710 11:33:34,504,498,501,572,855,614,502,498
20210710 11:33:35,504,498,501,572,855,614,502,498
20210710 11:33:36,504,498,501,572,855,614,502,498
20210710 11:33:37,504,498,501,572,855,614,502,498
20210710 11:33:38,504,498,501,572,855,614,502,498
20210710 11:33:39,504,498,501,572,855,614,502,498
20210710 11:33:40,504,498,501,572,855,614,502,498
20210710 11:33:41,504,498,501,572,855,618,502,498
20210710 11:33:42,504,498,501,572,855,618,502,498
20210710 11:33:43,504,498,501,552,831,655,506,498
20210710 11:33:44,504,498,501,552,827,654,506,498
20210710 11:33:45,504,498,501,552,827,655,506,498
20210710 11:33:46,508,498,501,552,827,655,506,498
20210710 11:33:47,504,498,501,552,827,655,506,498
20210710 11:33:48,504,498,501,552,827,655,506,498
20210710 11:33:49,504,498,501,552,827,654,506,498
20210710 11:33:50,504,498,501,552,827,655,506,498
20210710 11:33:51,504,498,501,552,827,654,506,498
20210710 11:33:52,504,498,501,552,827,655,506,498
20210710 11:33:53,504,498,501,552,827,655,506,498
20210710 11:33:54,504,498,497,540,791,699,510,498
20210710 11:33:55,504,498,501,540,787,703,510,498
20210710 11:33:56,504,498,497,540,787,703,510,498
20210710 11:33:57,504,498,497,540,787,703,510,498
20210710 11:33:58,504,498,497,540,787,703,510,498
20210710 11:33:59,506,498,497,536,787,703,510,498
20210710 11:34:00,504,498,497,536,787,703,510,498
20210710 11:34:01,504,498,497,540,787,703,510,498
20210710 11:34:02,504,498,497,540,787,703,510,498
20210710 11:34:03,504,498,497,540,787,703,510,498
20210710 11:34:04,504,498,497,536,787,703,510,498
20210710 11:34:05,508,498,497,528,746,743,518,498
20210710 11:34:06,504,498,497,528,742,747,518,498
20210710 11:34:07,504,498,497,528,742,747,518,498
20210710 11:34:08,504,498,497,528,742,746,518,498
20210710 11:34:09,504,498,497,528,742,746,518,498
20210710 11:34:10,504,498,497,528,742,747,518,498
20210710 11:34:11,504,498,497,528,742,746,518,498
20210710 11:34:12,508,498,497,528,742,746,518,498
20210710 11:34:13,504,498,497,528,742,746,518,498
20210710 11:34:14,504,498,497,528,742,746,518,498
20210710 11:34:15,504,498,497,528,742,746,518,498
20210710 11:34:16,504,498,497,520,698,791,526,498
20210710 11:34:17,504,498,497,520,699,791,526,498
20210710 11:34:18,508,498,497,520,699,791,526,498
20210710 11:34:19,508,498,497,520,699,791,526,498
20210710 11:34:20,504,498,497,520,698,791,529,498
20210710 11:34:21,504,498,497,520,698,791,530,498
20210710 11:34:22,504,498,497,520,699,791,526,498
20210710 11:34:23,508,498,497,520,699,791,526,498
20210710 11:34:24,504,498,497,520,699,791,526,498
20210710 11:34:25,504,498,497,520,698,791,530,498
20210710 11:34:26,504,498,497,520,699,791,530,498
20210710 11:34:27,508,498,497,516,658,827,542,498
20210710 11:34:28,504,498,497,516,658,827,542,498
20210710 11:34:29,508,498,497,516,654,827,542,498
20210710 11:34:30,508,498,497,516,654,827,542,498
20210710 11:34:31,508,498,497,516,654,827,542,498
20210710 11:34:32,508,498,497,516,654,827,542,498
20210710 11:34:33,508,498,497,516,654,827,542,498
20210710 11:34:34,508,498,497,516,654,827,542,498
20210710 11:34:35,508,498,497,516,654,827,542,498
20210710 11:34:36,508,498,497,516,654,827,542,498
20210710 11:34:37,508,498,497,516,654,831,542,498
20210710 11:34:38,504,498,497,512,622,851,562,498
20210710 11:34:39,504,498,497,512,618,851,562,498
20210710 11:34:40,504,498,497,512,618,851,562,498
20210710 11:34:41,508,498,497,512,618,851,562,498
20210710 11:34:42,508,498,497,512,618,851,562,498
20210710 11:34:43,504,498,497,512,618,851,562,498
20210710 11:34:44,508,498,497,512,618,851,562,498
20210710 11:34:45,504,498,497,512,618,851,562,498
20210710 11:34:46,508,498,497,512,618,851,562,498
20210710 11:34:47,508,498,497,512,618,851,562,498
20210710 11:34:48,508,498,497,512,618,851,562,498
20210710 11:34:49,508,498,497,508,602,855,578,498
20210710 11:34:50,508,498,497,508,590,855,586,502
20210710 11:34:51,508,498,497,508,590,855,586,502
20210710 11:34:52,508,498,497,508,590,855,586,502
20210710 11:34:53,508,498,497,508,590,855,586,502
20210710 11:34:54,508,498,497,508,590,855,586,502
20210710 11:34:55,508,498,497,508,590,855,586,502
20210710 11:34:56,508,498,497,508,590,855,586,502
20210710 11:34:57,508,498,497,508,590,855,586,502
20210710 11:34:58,508,498,497,508,590,855,586,502
20210710 11:34:59,508,498,497,508,590,855,586,502
20210710 11:35:00,508,498,497,508,586,851,591,502
20210710 11:35:01,508,498,497,508,566,839,619,502
20210710 11:35:02,508,498,497,508,566,839,619,502
20210710 11:35:03,508,498,497,508,566,839,619,502
20210710 11:35:04,508,498,497,508,566,839,619,502
20210710 11:35:05,508,498,497,508,566,839,619,502
20210710 11:35:06,508,498,497,508,566,839,619,502
20210710 11:35:07,508,498,497,508,566,839,619,502
20210710 11:35:08,508,498,497,508,566,839,618,502
20210710 11:35:09,508,498,497,508,566,839,619,502
20210710 11:35:10,508,498,497,508,566,839,619,502
20210710 11:35:11,508,498,497,508,566,839,619,502
20210710 11:35:12,508,498,497,504,550,811,659,506
20210710 11:35:13,508,498,497,504,550,811,659,506
20210710 11:35:14,508,498,497,504,546,811,659,506
20210710 11:35:15,508,498,497,504,550,811,659,506
20210710 11:35:16,508,498,497,504,550,811,659,506
20210710 11:35:17,508,498,497,504,546,811,659,506
20210710 11:35:18,508,498,497,504,550,811,659,506
20210710 11:35:19,508,498,497,504,550,811,659,506
20210710 11:35:20,508,502,497,504,550,811,659,506
20210710 11:35:21,508,498,497,504,546,811,659,506
20210710 11:35:22,508,498,497,504,550,811,659,506
20210710 11:35:23,508,498,497,504,534,770,699,514
20210710 11:35:24,508,498,497,504,534,771,699,514
20210710 11:35:25,508,502,497,504,534,771,699,514
20210710 11:35:26,508,498,497,504,534,771,699,514
20210710 11:35:27,508,498,497,504,534,770,699,514
20210710 11:35:28,508,502,497,504,534,770,699,514
20210710 11:35:29,508,498,497,504,534,770,699,514
20210710 11:35:30,508,502,497,504,534,770,699,514
20210710 11:35:31,508,498,497,504,534,770,699,514
20210710 11:35:32,508,498,497,504,534,770,699,514
20210710 11:35:33,508,502,497,504,534,770,699,514
20210710 11:35:34,508,498,497,504,526,731,738,522
20210710 11:35:35,508,498,497,504,526,731,738,522
20210710 11:35:36,508,498,497,504,526,730,742,523
20210710 11:35:37,508,498,497,504,526,731,742,523
20210710 11:35:38,508,498,497,504,526,731,742,522
20210710 11:35:39,508,498,497,504,526,730,742,522
20210710 11:35:40,508,502,497,504,526,731,742,523
20210710 11:35:41,508,498,497,504,526,730,742,522
20210710 11:35:42,508,498,497,504,526,730,742,523
20210710 11:35:43,508,498,497,504,526,730,742,523
20210710 11:35:44,508,502,497,504,526,731,742,523
20210710 11:35:45,508,498,497,504,518,691,779,531
20210710 11:35:46,508,498,497,504,518,691,779,531
20210710 11:35:47,508,498,497,504,518,691,779,531
20210710 11:35:48,508,498,497,504,518,687,779,531
20210710 11:35:49,508,502,497,504,518,687,778,531
20210710 11:35:50,508,502,497,504,518,687,779,531
20210710 11:35:51,508,498,497,504,518,687,779,531
20210710 11:35:52,508,502,497,504,518,687,779,531
20210710 11:35:53,508,498,497,504,518,687,779,531
20210710 11:35:54,508,502,497,504,518,687,778,531
20210710 11:35:55,508,498,497,504,518,687,779,531
20210710 11:35:56,508,498,497,504,514,655,807,543
20210710 11:35:57,508,502,497,504,514,655,807,543
20210710 11:35:58,508,498,497,504,514,655,811,543
20210710 11:35:59,508,502,497,504,514,655,811,543
20210710 11:36:00,508,502,497,504,514,650,811,543
20210710 11:36:01,508,502,497,504,514,650,811,547
20210710 11:36:02,508,502,497,504,514,650,811,543
20210710 11:36:03,508,502,497,504,514,650,811,543
20210710 11:36:04,508,502,497,504,514,655,811,543
20210710 11:36:05,508,502,497,504,514,650,811,543
20210710 11:36:06,508,502,497,504,514,650,811,547
20210710 11:36:07,508,502,497,504,510,618,827,563
20210710 11:36:08,508,502,497,504,510,614,827,563
20210710 11:36:09,508,502,497,504,510,618,827,563
20210710 11:36:10,508,498,497,504,510,614,831,563
20210710 11:36:11,508,498,497,504,510,614,827,563
20210710 11:36:12,508,502,497,504,510,614,831,567
20210710 11:36:13,508,502,497,504,510,614,831,567
20210710 11:36:14,508,502,497,504,510,614,831,563
20210710 11:36:15,508,502,497,504,510,614,831,563
20210710 11:36:16,508,502,497,504,510,614,831,563
20210710 11:36:17,508,502,497,504,510,614,831,563
20210710 11:36:18,508,498,497,504,506,598,834,579
20210710 11:36:19,508,502,497,504,506,590,831,587
20210710 11:36:20,508,498,501,504,506,586,831,587
20210710 11:36:21,508,498,497,504,506,586,831,587
20210710 11:36:22,508,502,497,504,506,586,831,587
20210710 11:36:23,508,502,497,504,506,586,831,587
20210710 11:36:24,508,502,497,504,506,586,831,587
20210710 11:36:25,508,502,497,504,506,586,831,587
20210710 11:36:26,508,498,497,504,506,586,831,587
20210710 11:36:27,508,502,497,504,506,586,831,587
20210710 11:36:28,508,502,497,504,506,586,831,587
20210710 11:36:29,508,502,497,504,506,582,831,595
20210710 11:36:30,508,502,497,504,506,566,819,615
20210710 11:36:31,508,502,497,504,506,566,819,615
20210710 11:36:32,508,502,501,504,506,566,819,615
20210710 11:36:33,508,502,497,504,506,566,819,619
20210710 11:36:34,508,502,497,504,506,566,819,616
20210710 11:36:35,508,502,501,504,506,566,819,619
20210710 11:36:36,508,502,499,504,506,566,819,619
20210710 11:36:37,508,502,501,504,506,566,819,615
20210710 11:36:38,508,502,497,504,506,566,819,619
20210710 11:36:39,508,502,497,504,506,566,819,619
20210710 11:36:40,508,502,497,504,506,566,819,619
20210710 11:36:41,508,502,501,504,502,550,791,651
20210710 11:36:42,508,502,497,504,502,550,791,651
20210710 11:36:43,508,502,497,504,502,550,791,651
20210710 11:36:44,508,502,497,504,502,550,791,651
20210710 11:36:45,508,502,501,504,502,550,791,651
20210710 11:36:46,508,502,497,504,502,550,790,651
20210710 11:36:47,508,502,497,504,502,546,791,651
20210710 11:36:48,508,502,497,504,502,550,790,651
20210710 11:36:49,508,502,497,504,502,550,791,651
20210710 11:36:50,508,502,497,504,502,550,790,651
20210710 11:36:51,508,502,497,504,502,550,791,651
20210710 11:36:52,508,502,497,504,502,538,758,683
20210710 11:36:53,508,502,501,504,502,538,758,683
20210710 11:36:54,508,502,501,504,502,538,758,683
20210710 11:36:55,508,502,501,504,502,538,758,683
20210710 11:36:56,508,502,501,504,502,538,758,683
20210710 11:36:57,508,502,497,504,502,538,758,683
20210710 11:36:58,508,502,501,504,502,538,758,683
20210710 11:36:59,508,502,499,504,502,538,758,683
20210710 11:37:00,508,502,497,504,502,538,758,683
20210710 11:37:01,508,502,501,504,502,538,758,683
20210710 11:37:02,508,502,501,504,502,538,758,683
20210710 11:37:03,508,502,501,504,502,526,719,719
20210710 11:37:04,508,502,501,504,502,526,719,719
20210710 11:37:05,508,502,501,504,502,526,719,719
20210710 11:37:06,508,502,501,504,502,526,719,719
20210710 11:37:07,508,502,501,504,502,526,719,723
20210710 11:37:08,508,502,501,504,502,526,719,719
20210710 11:37:09,508,502,501,504,502,526,719,723
20210710 11:37:10,508,502,501,504,502,526,719,719
20210710 11:37:11,508,502,501,504,502,526,719,719
20210710 11:37:12,508,502,501,504,502,526,719,720
20210710 11:37:13,508,502,501,504,502,526,719,719
20210710 11:37:14,508,502,501,504,502,518,683,751
20210710 11:37:15,508,502,501,504,502,518,683,751
20210710 11:37:16,508,502,497,504,502,518,679,751
20210710 11:37:17,508,502,501,504,502,518,679,751
20210710 11:37:18,508,502,501,504,502,518,679,751
20210710 11:37:19,508,502,501,504,502,518,679,751
20210710 11:37:20,508,502,497,504,502,518,679,751
20210710 11:37:21,508,502,501,504,502,518,679,751
20210710 11:37:22,508,502,501,504,502,518,679,751
20210710 11:37:23,508,502,501,504,502,518,679,751
20210710 11:37:24,508,502,501,504,502,518,679,751
20210710 11:37:25,508,502,501,504,502,514,651,771
20210710 11:37:26,508,502,501,504,502,514,647,775
20210710 11:37:27,508,502,501,504,502,514,647,775
20210710 11:37:28,508,502,501,504,502,514,647,775
20210710 11:37:29,508,502,501,504,502,514,647,775
20210710 11:37:30,508,502,501,504,502,514,647,775
20210710 11:37:31,508,502,501,504,502,514,647,775
20210710 11:37:32,508,502,501,504,502,514,647,775
20210710 11:37:33,508,502,501,504,502,514,647,775
20210710 11:37:34,508,502,501,504,502,514,647,775
20210710 11:37:35,508,502,501,504,502,514,647,775
20210710 11:37:36,508,502,501,504,502,510,619,791
20210710 11:37:37,508,502,501,504,502,510,619,791
20210710 11:37:38,508,502,501,504,502,510,615,795
20210710 11:37:39,508,502,501,504,502,510,615,795
20210710 11:37:40,508,502,501,504,502,510,614,795
20210710 11:37:41,508,502,501,504,502,510,615,795
20210710 11:37:42,508,502,501,504,502,510,615,795
20210710 11:37:43,508,502,501,504,502,510,615,795
20210710 11:37:44,508,502,501,504,502,510,615,795
20210710 11:37:45,508,502,501,504,502,510,615,795
20210710 11:37:46,508,502,501,504,502,510,615,795
20210710 11:37:47,508,502,501,504,502,506,594,795
20210710 11:37:48,508,502,501,504,502,506,591,795
20210710 11:37:49,508,502,501,504,502,506,590,795
20210710 11:37:50,508,502,501,504,502,506,591,795
20210710 11:37:51,508,502,501,504,502,506,591,795
20210710 11:37:52,508,502,501,504,502,506,588,795
20210710 11:37:53,508,502,501,504,502,506,586,795
20210710 11:37:54,508,502,501,504,502,506,591,795
20210710 11:37:55,508,502,501,504,502,506,591,795
20210710 11:37:56,508,502,501,504,502,506,590,795
20210710 11:37:57,508,502,501,504,502,506,590,795
20210710 11:37:58,508,502,501,504,502,506,586,795
20210710 11:37:59,508,502,501,504,502,506,570,795
20210710 11:38:00,508,502,501,504,502,506,566,795
20210710 11:38:01,508,502,501,504,502,506,566,795
20210710 11:38:02,508,502,501,504,502,506,566,795
20210710 11:38:03,508,502,501,504,502,506,568,795
20210710 11:38:04,508,502,501,504,502,506,567,795
20210710 11:38:05,508,502,501,504,502,506,567,795
20210710 11:38:06,508,502,501,504,502,506,566,795
20210710 11:38:07,508,502,501,504,502,506,566,795
20210710 11:38:08,508,502,501,504,502,506,567,795
20210710 11:38:09,508,502,501,504,502,506,566,795
20210710 11:38:10,508,502,501,504,502,502,550,779
20210710 11:38:11,508,502,501,504,502,502,550,779
20210710 11:38:12,508,502,501,504,502,502,550,779
20210710 11:38:13,508,502,501,504,502,502,550,779
20210710 11:38:14,508,502,501,504,502,502,550,779
20210710 11:38:15,508,502,501,504,502,502,550,779
20210710 11:38:16,508,502,501,504,502,502,550,779
20210710 11:38:17,508,502,501,504,502,502,550,779
20210710 11:38:18,508,502,501,504,502,502,550,779
20210710 11:38:19,508,502,501,504,502,502,550,779
20210710 11:38:20,508,502,501,504,502,502,550,779
20210710 11:38:21,508,502,501,504,502,502,538,755
20210710 11:38:22,508,502,501,504,502,502,538,755
20210710 11:38:23,508,502,501,504,502,502,538,755
20210710 11:38:24,508,502,501,504,502,502,538,755
20210710 11:38:25,508,502,501,504,502,502,538,755
20210710 11:38:26,508,502,501,504,502,502,538,755
20210710 11:38:27,508,502,501,504,502,502,538,755
20210710 11:38:28,508,502,501,504,502,502,538,755
20210710 11:38:29,508,502,501,504,502,502,538,755
20210710 11:38:30,508,502,501,504,502,502,538,755
20210710 11:38:31,508,502,501,504,502,502,538,755
20210710 11:38:32,508,502,501,504,502,502,526,719
20210710 11:38:33,508,502,501,504,502,502,526,719
20210710 11:38:34,508,502,501,504,502,502,526,719
20210710 11:38:35,508,502,501,504,502,502,526,719
20210710 11:38:36,508,502,501,504,502,502,526,719
20210710 11:38:37,508,502,501,504,502,502,526,719
20210710 11:38:38,508,502,501,504,502,502,526,715
20210710 11:38:39,508,502,501,504,502,502,526,715
20210710 11:38:40,508,502,501,504,502,502,526,719
20210710 11:38:41,508,502,501,504,502,502,526,715
20210710 11:38:42,508,502,501,504,502,502,526,719
20210710 11:38:43,508,502,501,504,502,502,518,683
20210710 11:38:44,508,502,501,504,502,502,518,679
20210710 11:38:45,508,502,501,504,502,502,518,683
20210710 11:38:46,508,502,501,504,502,502,518,679
20210710 11:38:47,508,502,501,504,502,502,518,679
20210710 11:38:48,508,502,501,504,502,498,518,679
20210710 11:38:49,508,502,501,504,502,502,518,679
20210710 11:38:50,508,502,501,504,502,502,518,679
20210710 11:38:51,508,502,501,504,502,502,518,679
20210710 11:38:52,508,502,501,504,502,502,518,679
20210710 11:38:53,508,502,501,504,502,502,518,679
20210710 11:38:54,508,502,501,504,502,502,514,651
20210710 11:38:55,508,502,501,504,502,502,514,647
20210710 11:38:56,508,502,501,504,502,502,514,647
20210710 11:38:57,508,502,501,504,502,502,514,647
20210710 11:38:58,508,502,501,504,502,502,514,647
20210710 11:38:59,508,502,501,504,502,502,514,647
20210710 11:39:00,508,502,501,504,502,502,514,647
20210710 11:39:01,508,502,501,504,502,502,514,647
20210710 11:39:02,508,502,501,504,502,502,514,647
20210710 11:39:03,508,502,501,504,502,502,514,647
20210710 11:39:04,508,502,501,504,502,502,514,647
20210710 11:39:05,508,502,501,504,502,502,510,615
20210710 11:39:06,508,502,501,504,502,502,510,611
20210710 11:39:07,508,502,501,504,502,502,510,611
20210710 11:39:08,508,502,501,504,502,502,510,611
20210710 11:39:09,508,502,501,504,502,502,510,611
20210710 11:39:10,508,502,501,504,502,502,510,611
20210710 11:39:11,508,502,501,504,502,502,510,611
20210710 11:39:12,508,502,501,504,502,502,510,611
20210710 11:39:13,508,502,501,504,502,502,510,611
20210710 11:39:14,508,502,501,504,502,502,510,611
20210710 11:39:15,508,502,501,504,502,502,510,611
20210710 11:39:16,508,502,501,504,502,502,506,591
20210710 11:39:17,508,502,501,504,502,502,506,587
20210710 11:39:18,508,502,501,504,502,502,506,587
20210710 11:39:19,508,502,501,504,502,502,506,587
20210710 11:39:20,508,502,501,504,502,502,506,587
20210710 11:39:21,508,502,501,504,502,502,506,587
20210710 11:39:22,508,502,501,504,502,502,506,587
20210710 11:39:23,508,502,501,504,502,502,506,583
20210710 11:39:24,508,502,501,504,502,502,506,587
20210710 11:39:25,508,502,501,504,502,502,506,587
20210710 11:39:26,508,502,501,504,502,502,506,583
20210710 11:39:27,508,502,501,504,502,502,506,575
20210710 11:39:28,508,502,501,504,502,502,502,563
20210710 11:39:29,508,502,501,504,502,502,502,563
20210710 11:39:30,508,502,501,504,502,502,502,563
20210710 11:39:31,508,502,501,504,502,502,502,563
20210710 11:39:32,508,502,501,504,502,502,502,563
20210710 11:39:33,508,502,501,504,502,502,502,563
20210710 11:39:34,508,502,501,504,502,502,502,563
20210710 11:39:35,508,502,501,504,502,502,502,563
20210710 11:39:36,508,502,501,504,502,502,502,563
20210710 11:39:37,508,502,501,504,502,502,502,563
20210710 11:39:38,508,502,501,504,502,502,502,563
20210710 11:39:39,508,502,501,504,502,502,502,543
20210710 11:39:40,508,502,501,504,502,502,502,543
20210710 11:39:41,508,502,501,504,502,502,502,543
20210710 11:39:42,508,502,501,504,502,502,502,543
20210710 11:39:43,508,502,501,504,502,502,502,543
20210710 11:39:44,508,502,501,504,502,502,502,543
20210710 11:39:45,508,502,501,504,502,502,502,543
20210710 11:39:46,508,502,501,504,502,502,502,543
20210710 11:39:47,508,502,501,504,502,502,502,543
20210710 11:39:48,508,502,501,504,502,502,502,543
20210710 11:39:49,508,502,501,504,502,502,502,543
20210710 11:39:50,508,502,501,504,502,502,498,522
20210710 11:39:51,508,502,501,504,502,502,498,523
20210710 11:39:52,508,502,501,504,502,498,498,522
20210710 11:39:53,508,502,501,504,502,502,498,522
20210710 11:39:54,508,502,501,504,502,502,498,523
20210710 11:39:55,508,502,501,504,502,498,498,523
20210710 11:39:56,508,502,501,504,502,502,498,523
20210710 11:39:57,508,502,501,504,502,502,498,523
20210710 11:39:58,508,502,501,504,502,502,498,523
20210710 11:39:59,508,502,501,504,502,502,498,522
20210710 11:40:00,508,502,501,504,502,502,498,522
20210710 11:40:01,508,502,501,504,502,502,498,514
20210710 11:40:02,508,502,501,504,502,502,498,514
20210710 11:40:03,508,502,501,504,502,502,498,514
20210710 11:40:04,508,502,501,504,502,502,498,514
20210710 11:40:05,508,502,501,504,502,498,498,514
20210710 11:40:06,508,502,501,504,502,502,498,514
20210710 11:40:07,508,502,501,504,502,502,498,514
20210710 11:40:08,508,502,501,504,502,502,498,514
20210710 11:40:09,508,502,501,504,502,502,498,514
20210710 11:40:10,508,502,501,504,502,502,498,514
20210710 11:40:11,508,502,501,504,502,502,498,514
20210710 11:40:12,508,502,501,504,502,502,498,510
20210710 11:40:13,508,502,501,504,502,502,498,510
20210710 11:40:14,508,502,501,504,502,502,498,510
20210710 11:40:15,508,502,501,504,502,502,498,510
20210710 11:40:16,508,502,501,504,502,502,498,510
20210710 11:40:17,508,502,501,504,502,502,498,506
20210710 11:40:18,508,502,501,504,502,502,498,510
20210710 11:40:19,508,502,501,504,502,502,498,506
20210710 11:40:20,508,502,501,504,502,502,498,506
20210710 11:40:21,508,502,501,504,502,502,498,510
20210710 11:40:22,508,502,501,504,502,502,498,510
20210710 11:40:23,508,502,501,504,502,502,498,506
20210710 11:40:24,508,502,501,504,502,502,498,506
20210710 11:40:25,508,502,501,504,502,502,498,506
20210710 11:40:26,508,502,501,504,502,502,498,506
20210710 11:40:27,508,502,501,504,502,502,502,506
20210710 11:40:28,508,502,501,504,502,502,502,506
20210710 11:40:29,508,502,501,504,502,502,498,506
20210710 11:40:30,508,502,501,504,502,502,498,506
20210710 11:40:31,508,502,501,504,502,502,502,506
20210710 11:40:32,508,502,501,504,502,502,498,506
20210710 11:40:33,508,502,501,504,502,502,498,506
20210710 11:40:34,508,502,501,504,502,502,502,506
20210710 11:40:35,508,502,501,504,502,502,502,506
20210710 11:40:36,508,502,501,504,502,502,502,506
20210710 11:40:37,508,502,501,504,502,502,502,506
20210710 11:40:38,508,502,501,504,502,502,502,506
20210710 11:40:39,508,502,501,504,502,502,502,506
20210710 11:40:40,508,502,501,504,502,502,502,506
20210710 11:40:41,508,502,501,504,502,502,502,506
20210710 11:40:42,508,502,501,504,502,502,502,506
20210710 11:40:43,508,502,501,504,502,502,502,506
20210710 11:40:44,508,502,501,504,502,502,502,506
20210710 11:40:45,508,502,501,504,502,502,502,506
20210710 11:40:46,508,502,501,504,502,502,502,502
20210710 11:40:47,508,502,501,504,502,502,502,502
20210710 11:40:48,508,502,501,504,502,502,502,502
20210710 11:40:49,508,502,501,504,502,502,502,502
20210710 11:40:50,508,502,501,504,502,502,502,502
20210710 11:40:51,508,502,501,504,502,502,502,502
20210710 11:40:52,508,502,501,504,502,502,502,502
20210710 11:40:53,508,502,501,504,502,502,502,502
20210710 11:40:54,508,502,501,504,502,502,502,502
20210710 11:40:55,508,502,501,504,502,502,502,502
20210710 11:40:56,508,502,501,504,502,502,502,502
20210710 11:40:57,508,502,501,504,502,502,502,502
20210710 11:40:58,508,502,501,504,502,502,502,502
20210710 11:40:59,508,502,501,504,502,502,502,502
20210710 11:41:00,508,502,501,504,502,502,502,502
20210710 11:41:01,508,502,501,504,502,502,502,502
20210710 11:41:02,508,502,501,504,502,502,502,502
20210710 11:41:03,508,502,501,504,502,502,502,502
20210710 11:41:04,508,502,501,504,502,502,502,502
20210710 11:41:05,508,502,501,504,502,502,502,502
20210710 11:41:06,508,502,501,504,502,502,502,502
20210710 11:41:07,508,502,501,504,502,502,502,502
20210710 11:41:08,508,502,501,504,502,502,502,502
20210710 11:41:09,508,502,501,504,502,502,502,502
20210710 11:41:10,508,502,501,504,502,502,502,502
20210710 11:41:11,508,502,501,504,502,502,502,502
20210710 11:41:12,508,502,501,504,502,502,502,502
20210710 11:41:13,508,502,501,504,502,502,502,502
20210710 11:41:14,508,502,501,504,502,502,502,502
20210710 11:41:15,508,502,501,504,502,502,502,502
20210710 11:41:16,508,502,501,504,502,502,502,502
20210710 11:41:17,508,502,501,504,502,502,502,502
20210710 11:41:18,508,502,501,504,502,502,502,502
